{
    "b": [
        -0.611425,
        0.195279,
        -0.229477
    ],
    "A": [
        [ 0.973209,  0.006248, -0.000107],
        [ 0.006248,  0.959535,  0.000811],
        [-0.000107,  0.000811,  1.019086]
    ]
}