{"A": [[0.0, 0.0, 0.0], [0.0, 0.0, 0.0], [0.0, 0.0, 0.0]],
 "b": [0.08786329216688561, 0.011035891374165658, 0.20763187215725581]}