{
    "b": [
        -15.850987,
        46.848109,
        -15.884498
    ],
    "A": [
        [ 1.024384, -0.067449,  0.005591],
        [-0.067449,  0.984567, -0.059303],
        [ 0.005591, -0.059303,  1.093657]
    ]
}